s&p,s&p_score,,moodys,moodys_score,,fitch,fitch_score
aaa,100,,aaa,100,,aaa,100
aa+,95,,aa1,95,,aa+,95
aa,90,,aa2,90,,aa,90
aa-,85,,aa3,85,,aa-,85
a+,80,,a1,80,,a+,80
a,75,,a2,75,,a,75
a-,70,,a3,70,,a-,70
bbb+,65,,baa1,65,,bbb+,65
bbb,60,,baa2,60,,bbb,60
bbb-,55,,baa3,55,,bbb-,55
bb+,50,,ba1,50,,bb+,50
bb,45,,ba2,45,,bb,45
bb-,40,,ba3,40,,bb-,40
b+,35,,b1,35,,b+,35
b,30,,b2,30,,b,30
b-,25,,b3,25,,b-,25
ccc+,20,,caa1,20,,ccc+,20
ccc,15,,caa2,15,,ccc,15
ccc-,10,,caa3,10,,ccc-,10
cc,5,,ca,5,,cc,5
c,0,,c,0,,c,0
sd,0,,rd,0,,d,0
d,0,,,,,rd,0
